{
  "stereotype_score": -12.5388284977793,
  "anti_stereotype_score": -12.563112891985524,
  "unrelated_score": -12.628746811829668,
  "bias_score": 0.024284394206224746,
  "bias_change": 0.0009126774675234373,
  "processed_examples": 2106
}